../Biostat2L_22/Biostat22_microscope/seed/Image_1760.jpg,Yeast,757,433,69532.0,160.58198614318707,1.5619202551763582
../Biostat2L_22/Biostat22_microscope/seed/Image_1761.jpg,Yeast,698,454,71353.0,157.16519823788545,1.557881500088154
../Biostat2L_22/Biostat22_microscope/seed/Image_1759.jpg,Yeast,810,506,88485.0,174.87154150197628,1.5834368511572943
../Biostat2L_22/Biostat22_microscope/seed/Image_1758.jpg,Yeast,689,416,67469.0,162.18509615384616,1.5931636837577943
../Biostat2L_22/Biostat22_microscope/seed/Image_1756.jpg,Yeast,279,168,26973.0,160.55357142857142,1.577958513002655
../Biostat2L_22/Biostat22_microscope/seed/Image_1757.jpg,Yeast,379,228,35410.0,155.30701754385964,1.5243321025480476
../Biostat2L_22/Biostat22_microscope/seed/Image_1755.jpg,Yeast,110,4,231.0,57.75,1.7349642758534092
../Biostat2L_22/Biostat22_microscope/seed/Image_1754.jpg,Yeast,87,58,11237.0,193.74137931034483,1.565667996763005
../Biostat2L_22/Biostat22_microscope/R01/2024_1031/6pm/Image_1811.jpg,Yeast,1498,728,113837.0,156.3695054945055,1.6193281493321097
../Biostat2L_22/Biostat22_microscope/R01/2024_1031/6pm/Image_1810.jpg,Yeast,1151,606,141964.0,234.26402640264027,1.6051581855439547
../Biostat2L_22/Biostat22_microscope/R01/2024_1031/6pm/Image_1812.jpg,Yeast,1774,847,199997.0,236.12396694214877,1.597778323442401
../Biostat2L_22/Biostat22_microscope/R01/2024_1031/6pm/Image_1813.jpg,Yeast,1816,967,220811.0,228.3464322647363,1.5751927506916004
../Biostat2L_22/Biostat22_microscope/R01/2024_1031/6pm/Image_1814.jpg,Yeast,1545,808,164303.0,203.34529702970298,1.5545518553794708
../Biostat2L_22/Biostat22_microscope/R01/2024_1031/6pm/Image_1815.jpg,Yeast,1995,1006,228381.0,227.01888667992048,1.594759370084252
../Biostat2L_22/Biostat22_microscope/R01/2024_1031/845am/Image_1763.jpg,Yeast,1101,419,100513.0,239.88782816229116,1.667833201506557
../Biostat2L_22/Biostat22_microscope/R01/2024_1031/845am/Image_1762.jpg,Yeast,902,340,65998.0,194.11176470588236,1.6453586419178383
../Biostat2L_22/Biostat22_microscope/R01/2024_1031/845am/Image_1765.jpg,Yeast,603,235,47202.0,200.8595744680851,1.6657932691238693
../Biostat2L_22/Biostat22_microscope/R01/2024_1031/845am/Image_1764.jpg,Yeast,920,347,60209.0,173.51296829971182,1.651000954825587
../Biostat2L_22/Biostat22_microscope/R01/2024_1031/845am/Image_1766.jpg,Yeast,527,273,73275.0,268.4065934065934,1.645258117634619
../Biostat2L_22/Biostat22_microscope/R01/2024_1031/845am/Image_1767.jpg,Yeast,451,267,82781.0,310.04119850187266,1.6058573644330507
../Biostat2L_22/Biostat22_microscope/R01/2024_1031/845am/Image_1768.jpg,Yeast,99,43,11377.0,264.5813953488372,1.629757818966735
../Biostat2L_22/Biostat22_microscope/R01/2024_1031/1245pm/Image_1781.jpg,Yeast,902,437,34535.0,79.02745995423341,1.6580463565264463
../Biostat2L_22/Biostat22_microscope/R01/2024_1031/1245pm/Image_1780.jpg,Yeast,664,289,26879.0,93.00692041522491,1.672047384579078
../Biostat2L_22/Biostat22_microscope/R01/2024_1031/1245pm/Image_1782.jpg,Yeast,1278,526,27959.0,53.153992395437264,1.7073145272130756
../Biostat2L_22/Biostat22_microscope/R01/2024_1031/1245pm/Image_1783.jpg,Yeast,1356,604,34276.0,56.74834437086093,1.710736241571774
../Biostat2L_22/Biostat22_microscope/R01/2024_1031/1245pm/Image_1778.jpg,Yeast,404,78,2980.0,38.205128205128204,1.6311956414221918
../Biostat2L_22/Biostat22_microscope/R01/2024_1031/1245pm/Image_1779.jpg,Yeast,1070,497,30036.0,60.43460764587525,1.724827470324227
../Biostat2L_22/Biostat22_microscope/R01/2024_1031/1245pm/Image_1784.jpg,Yeast,1311,591,30025.0,50.803722504230116,1.7264228745208723
../Biostat2L_22/Biostat22_microscope/R01/2024_1103/1230pm_daylightSavings/Image_1909.jpg,Yeast,493,169,5817.0,34.42011834319526,1.657249569329495
../Biostat2L_22/Biostat22_microscope/R01/2024_1103/1230pm_daylightSavings/Image_1908.jpg,Yeast,406,108,3755.0,34.76851851851852,1.744863882702026
../Biostat2L_22/Biostat22_microscope/R01/2024_1103/1230pm_daylightSavings/Image_1906.jpg,Yeast,387,116,3818.0,32.91379310344828,1.7614890525382256
../Biostat2L_22/Biostat22_microscope/R01/2024_1103/1230pm_daylightSavings/Image_1907.jpg,Yeast,408,133,4359.0,32.774436090225564,1.6788016222573747
../Biostat2L_22/Biostat22_microscope/R01/2024_1103/1230pm_daylightSavings/Image_1905.jpg,Yeast,459,172,5195.0,30.203488372093023,1.816790508794159
../Biostat2L_22/Biostat22_microscope/R01/2024_1103/1230pm_daylightSavings/Image_1904.jpg,Yeast,535,174,6267.0,36.01724137931034,1.689983860762838
../Biostat2L_22/Biostat22_microscope/R01/2024_1103/1230pm_daylightSavings/Image_1910.jpg,Yeast,421,78,2180.0,27.94871794871795,1.6798357745788115
../Biostat2L_22/Biostat22_microscope/R01/2024_1102/745am/Image_1878.jpg,Yeast,724,220,6878.0,31.263636363636362,1.7319085793300042
../Biostat2L_22/Biostat22_microscope/R01/2024_1102/745am/Image_1879.jpg,Yeast,833,286,9694.0,33.89510489510489,1.6717985116294063
../Biostat2L_22/Biostat22_microscope/R01/2024_1102/745am/Image_1882.jpg,Yeast,748,266,9689.0,36.42481203007519,1.7385781468438266
../Biostat2L_22/Biostat22_microscope/R01/2024_1102/745am/Image_1883.jpg,Yeast,874,326,13751.0,42.18098159509202,1.6824811917158298
../Biostat2L_22/Biostat22_microscope/R01/2024_1102/745am/Image_1881.jpg,Yeast,760,271,10690.0,39.44649446494465,1.719632237279266
../Biostat2L_22/Biostat22_microscope/R01/2024_1102/745am/Image_1880.jpg,Yeast,810,285,10996.0,38.58245614035088,1.7001880731648715
../Biostat2L_22/Biostat22_microscope/R01/2024_1102/745am/Image_1877.jpg,Yeast,641,221,7855.0,35.542986425339365,1.653020526482153
../Biostat2L_22/Biostat22_microscope/R01/2024_1102/515pm/Image_1899.jpg,Yeast,704,161,6234.0,38.72049689440994,1.6941143229134235
../Biostat2L_22/Biostat22_microscope/R01/2024_1102/515pm/Image_1898.jpg,Yeast,1138,357,13756.0,38.53221288515406,1.6747723731451978
../Biostat2L_22/Biostat22_microscope/R01/2024_1102/515pm/Image_1900.jpg,Yeast,531,149,5470.0,36.711409395973156,1.6876634018988468
../Biostat2L_22/Biostat22_microscope/R01/2024_1102/515pm/Image_1901.jpg,Yeast,518,115,4938.0,42.93913043478261,1.6278627004312909
../Biostat2L_22/Biostat22_microscope/R01/2024_1102/515pm/Image_1903.jpg,Yeast,184,12,476.0,39.666666666666664,1.764143288754853
../Biostat2L_22/Biostat22_microscope/R01/2024_1102/515pm/Image_1902.jpg,Yeast,370,72,2843.0,39.486111111111114,1.6917252544277535
../Biostat2L_22/Biostat22_microscope/R01/2024_1101/345pm/Image_1872.jpg,Yeast,163,40,1174.0,29.35,1.663573652370869
../Biostat2L_22/Biostat22_microscope/R01/2024_1101/345pm/Image_1873.jpg,Yeast,164,29,836.0,28.82758620689655,1.732001459766087
../Biostat2L_22/Biostat22_microscope/R01/2024_1101/345pm/Image_1871.jpg,Yeast,369,88,3349.0,38.05681818181818,1.6382751670671951
../Biostat2L_22/Biostat22_microscope/R01/2024_1101/345pm/Image_1870.jpg,Yeast,366,95,3490.0,36.73684210526316,1.6904179459111959
../Biostat2L_22/Biostat22_microscope/R01/2024_1101/345pm/Image_1874.jpg,Yeast,210,45,1848.0,41.06666666666667,1.7428049644445323
../Biostat2L_22/Biostat22_microscope/R01/2024_1101/345pm/Image_1875.jpg,Yeast,211,15,338.0,22.533333333333335,1.5550127477016635
../Biostat2L_22/Biostat22_microscope/R01/2024_1101/345pm/Image_1876.jpg,Yeast,299,116,3247.0,27.99137931034483,1.678101238190237
../Biostat2L_22/Biostat22_microscope/R01/2024_1101/730am/Image_1818.jpg,Yeast,1232,535,29746.0,55.6,1.711515390447692
../Biostat2L_22/Biostat22_microscope/R01/2024_1101/730am/Image_1819.jpg,Yeast,1708,776,67719.0,87.2667525773196,1.7056395895640135
../Biostat2L_22/Biostat22_microscope/R01/2024_1101/730am/Image_1822.jpg,Yeast,1837,872,47885.0,54.913990825688074,1.6563714181617908
../Biostat2L_22/Biostat22_microscope/R01/2024_1101/730am/Image_1823.jpg,Yeast,1373,527,52389.0,99.40986717267552,1.6806571737985896
../Biostat2L_22/Biostat22_microscope/R01/2024_1101/730am/Image_1821.jpg,Yeast,1856,887,56191.0,63.34949267192785,1.667382357519909
../Biostat2L_22/Biostat22_microscope/R01/2024_1101/730am/Image_1820.jpg,Yeast,1798,889,91932.0,103.41057367829022,1.6351534019092946
../Biostat2L_22/Biostat22_microscope/R01/2024_1101/730am/Image_1817.jpg,Yeast,2016,1019,53874.0,52.869479882237485,1.6681712425692865
../Biostat2L_22/Biostat22_microscope/R01/2024_1101/730am/Image_1816.jpg,Yeast,1531,630,29172.0,46.304761904761904,1.6644210940514133
../Biostat2L_22/Biostat22_microscope/R02/2024_1031/845/Image_1777.jpg,Yeast,44,26,7085.0,272.5,1.5577270137818422
../Biostat2L_22/Biostat22_microscope/R02/2024_1031/845/Image_1776.jpg,Yeast,61,36,8826.0,245.16666666666666,1.6676521261532615
../Biostat2L_22/Biostat22_microscope/R02/2024_1031/845/Image_1774.jpg,Yeast,32,15,2984.0,198.93333333333334,1.805876573986043
../Biostat2L_22/Biostat22_microscope/R02/2024_1031/845/Image_1775.jpg,Yeast,64,39,9682.0,248.25641025641025,1.7245033717958427
../Biostat2L_22/Biostat22_microscope/R02/2024_1031/845/Image_1771.jpg,Yeast,56,24,4459.0,185.79166666666666,1.8450240533239306
../Biostat2L_22/Biostat22_microscope/R02/2024_1031/845/Image_1770.jpg,Yeast,67,32,5619.0,175.59375,1.622776238913724
../Biostat2L_22/Biostat22_microscope/R02/2024_1031/845/Image_1772.jpg,Yeast,72,36,8299.0,230.52777777777777,1.7001814921567282
../Biostat2L_22/Biostat22_microscope/R02/2024_1031/845/Image_1773.jpg,Yeast,48,23,4675.0,203.2608695652174,1.66360939761946
../Biostat2L_22/Biostat22_microscope/R02/2024_1031/845/Image_1769.jpg,Yeast,48,25,3310.0,132.4,1.7336039318960146
../Biostat2L_22/Biostat22_microscope/R02/2024_1031/6pm/Image_1809.jpg,Yeast,835,196,59390.0,303.01020408163265,1.6807654053125427
../Biostat2L_22/Biostat22_microscope/R02/2024_1031/6pm/Image_1808.jpg,Yeast,1581,338,100271.0,296.65976331360946,1.7145470528594722
../Biostat2L_22/Biostat22_microscope/R02/2024_1031/6pm/Image_1805.jpg,Yeast,314,99,26830.0,271.010101010101,1.669644943646477
../Biostat2L_22/Biostat22_microscope/R02/2024_1031/6pm/Image_1804.jpg,Yeast,1481,323,60558.0,187.4860681114551,1.7367920022495835
../Biostat2L_22/Biostat22_microscope/R02/2024_1031/6pm/Image_1806.jpg,Yeast,233,55,11165.0,203.0,1.7901501326331535
../Biostat2L_22/Biostat22_microscope/R02/2024_1031/6pm/Image_1807.jpg,Yeast,631,152,61557.0,404.98026315789474,1.675232195018012
../Biostat2L_22/Biostat22_microscope/R02/2024_1031/1245/Image_1788.jpg,Yeast,770,188,15142.0,80.54255319148936,1.7032188586760182
../Biostat2L_22/Biostat22_microscope/R02/2024_1031/1245/Image_1789.jpg,Yeast,565,146,16699.0,114.37671232876713,1.6588814398122054
../Biostat2L_22/Biostat22_microscope/R02/2024_1031/1245/Image_1787.jpg,Yeast,651,139,17216.0,123.85611510791367,1.6807651085744395
../Biostat2L_22/Biostat22_microscope/R02/2024_1031/1245/Image_1786.jpg,Yeast,593,98,10850.0,110.71428571428571,1.6429016202764708
../Biostat2L_22/Biostat22_microscope/R02/2024_1031/1245/Image_1790.jpg,Yeast,512,92,7004.0,76.1304347826087,1.731070235654842
../Biostat2L_22/Biostat22_microscope/R02/2024_1031/1245/Image_1791.jpg,Yeast,685,110,9209.0,83.71818181818182,1.6993856115105614
../Biostat2L_22/Biostat22_microscope/R02/2024_1031/1245/Image_1785.jpg,Yeast,245,54,3259.0,60.351851851851855,1.6171686399694793
../Biostat2L_22/Biostat22_microscope/R02/2024_1103/1230pm_daylightSavings/Image_1912.jpg,Yeast,406,170,7667.0,45.1,1.6822288671279493
../Biostat2L_22/Biostat22_microscope/R02/2024_1103/1230pm_daylightSavings/Image_1913.jpg,Yeast,410,140,6655.0,47.535714285714285,1.672196447085972
../Biostat2L_22/Biostat22_microscope/R02/2024_1103/1230pm_daylightSavings/Image_1911.jpg,Yeast,394,158,8485.0,53.70253164556962,1.6255234011723896
../Biostat2L_22/Biostat22_microscope/R02/2024_1103/1230pm_daylightSavings/Image_1914.jpg,Yeast,335,106,5361.0,50.575471698113205,1.6434147027114
../Biostat2L_22/Biostat22_microscope/R02/2024_1103/1230pm_daylightSavings/Image_1915.jpg,Yeast,256,84,4263.0,50.75,1.6810869899136618
../Biostat2L_22/Biostat22_microscope/R02/2024_1103/1230pm_daylightSavings/Image_1917.jpg,Yeast,285,95,4312.0,45.38947368421053,1.6052990920970982
../Biostat2L_22/Biostat22_microscope/R02/2024_1103/1230pm_daylightSavings/Image_1916.jpg,Yeast,245,71,3438.0,48.42253521126761,1.6134417153291432
../Biostat2L_22/Biostat22_microscope/R02/2024_1102/745am/Image_1890.jpg,Yeast,146,24,642.0,26.75,1.6303390817430514
../Biostat2L_22/Biostat22_microscope/R02/2024_1102/745am/Image_1884.jpg,Yeast,276,116,5142.0,44.327586206896555,1.6113058772764666
../Biostat2L_22/Biostat22_microscope/R02/2024_1102/745am/Image_1885.jpg,Yeast,506,217,8959.0,41.285714285714285,1.6847325625970717
../Biostat2L_22/Biostat22_microscope/R02/2024_1102/745am/Image_1887.jpg,Yeast,401,141,6877.0,48.773049645390074,1.6816580040176674
../Biostat2L_22/Biostat22_microscope/R02/2024_1102/745am/Image_1886.jpg,Yeast,523,193,8593.0,44.523316062176164,1.6689194955698332
../Biostat2L_22/Biostat22_microscope/R02/2024_1102/745am/Image_1888.jpg,Yeast,230,87,3689.0,42.40229885057471,1.6476580095832762
../Biostat2L_22/Biostat22_microscope/R02/2024_1102/745am/Image_1889.jpg,Yeast,234,80,3810.0,47.625,1.731059587196023
../Biostat2L_22/Biostat22_microscope/R02/2024_1102/515pm/Image_1891.jpg,Yeast,343,119,5168.0,43.42857142857143,1.725899008188229
../Biostat2L_22/Biostat22_microscope/R02/2024_1102/515pm/Image_1893.jpg,Yeast,389,80,4276.0,53.45,1.702821851223765
../Biostat2L_22/Biostat22_microscope/R02/2024_1102/515pm/Image_1892.jpg,Yeast,384,82,4384.0,53.46341463414634,1.7401376746949409
../Biostat2L_22/Biostat22_microscope/R02/2024_1102/515pm/Image_1896.jpg,Yeast,667,207,8621.0,41.64734299516908,1.7894286317914483
../Biostat2L_22/Biostat22_microscope/R02/2024_1102/515pm/Image_1895.jpg,Yeast,754,222,9009.0,40.58108108108108,1.710786669459133
../Biostat2L_22/Biostat22_microscope/R02/2024_1102/515pm/Image_1894.jpg,Yeast,621,156,6905.0,44.26282051282051,1.7019957565319703
../Biostat2L_22/Biostat22_microscope/R02/2024_1101/345pm/Image_1869.jpg,Yeast,333,116,5081.0,43.80172413793103,1.6635687435173976
../Biostat2L_22/Biostat22_microscope/R02/2024_1101/345pm/Image_1868.jpg,Yeast,484,193,8855.0,45.880829015544045,1.6964955344456663
../Biostat2L_22/Biostat22_microscope/R02/2024_1101/345pm/Image_1866.jpg,Yeast,605,192,6956.0,36.229166666666664,1.728540884305022
../Biostat2L_22/Biostat22_microscope/R02/2024_1101/345pm/Image_1867.jpg,Yeast,522,176,5859.0,33.28977272727273,1.6918519623439863
../Biostat2L_22/Biostat22_microscope/R02/2024_1101/345pm/Image_1865.jpg,Yeast,587,216,9073.0,42.004629629629626,1.699090152717535
../Biostat2L_22/Biostat22_microscope/R02/2024_1101/345pm/Image_1864.jpg,Yeast,422,153,5812.0,37.98692810457516,1.647569265709086
../Biostat2L_22/Biostat22_microscope/R02/2024_1101/730am/Image_1830.jpg,Yeast,586,335,58783.0,175.4716417910448,1.5693383883198824
../Biostat2L_22/Biostat22_microscope/R02/2024_1101/730am/Image_1824.jpg,Yeast,1011,562,118872.0,211.51601423487546,1.4912844845904967
../Biostat2L_22/Biostat22_microscope/R02/2024_1101/730am/Image_1825.jpg,Yeast,1020,549,95445.0,173.85245901639345,1.5228902986804687
../Biostat2L_22/Biostat22_microscope/R02/2024_1101/730am/Image_1827.jpg,Yeast,1560,843,156395.0,185.52194543297747,1.5934673407294386
../Biostat2L_22/Biostat22_microscope/R02/2024_1101/730am/Image_1826.jpg,Yeast,1349,660,127046.0,192.4939393939394,1.5712101671167966
../Biostat2L_22/Biostat22_microscope/R02/2024_1101/730am/Image_1828.jpg,Yeast,579,335,62888.0,187.72537313432835,1.5083871616416238
../Biostat2L_22/Biostat22_microscope/R02/2024_1101/730am/Image_1829.jpg,Yeast,663,378,55589.0,147.06084656084656,1.5632860020372161
